Payment Date,Name,Monthly Cost,Contract Length (months),Start Date
19/11/2018,Sophie,30,12,19/11/2018
17/10/2018,Andy,45,12,17/10/2018
22/02/2019,Jonathan,15,6,22/02/2019
13/12/2018,Carl,20,24,13/12/2018
19/12/2018,Sophie,30,12,19/11/2018
17/11/2018,Andy,45,12,17/10/2018
22/03/2019,Jonathan,15,6,22/02/2019
13/01/2019,Carl,20,24,13/12/2018
19/01/2019,Sophie,30,12,19/11/2018
17/12/2018,Andy,45,12,17/10/2018
22/04/2019,Jonathan,15,6,22/02/2019
13/02/2019,Carl,20,24,13/12/2018
19/02/2019,Sophie,30,12,19/11/2018
17/01/2019,Andy,45,12,17/10/2018
22/05/2019,Jonathan,15,6,22/02/2019
13/03/2019,Carl,20,24,13/12/2018
19/03/2019,Sophie,30,12,19/11/2018
17/02/2019,Andy,45,12,17/10/2018
22/06/2019,Jonathan,15,6,22/02/2019
13/04/2019,Carl,20,24,13/12/2018
19/04/2019,Sophie,30,12,19/11/2018
17/03/2019,Andy,45,12,17/10/2018
22/07/2019,Jonathan,15,6,22/02/2019
13/05/2019,Carl,20,24,13/12/2018
19/05/2019,Sophie,30,12,19/11/2018
17/04/2019,Andy,45,12,17/10/2018
13/06/2019,Carl,20,24,13/12/2018
19/06/2019,Sophie,30,12,19/11/2018
17/05/2019,Andy,45,12,17/10/2018
13/07/2019,Carl,20,24,13/12/2018
19/07/2019,Sophie,30,12,19/11/2018
17/06/2019,Andy,45,12,17/10/2018
13/08/2019,Carl,20,24,13/12/2018
19/08/2019,Sophie,30,12,19/11/2018
17/07/2019,Andy,45,12,17/10/2018
13/09/2019,Carl,20,24,13/12/2018
19/09/2019,Sophie,30,12,19/11/2018
17/08/2019,Andy,45,12,17/10/2018
13/10/2019,Carl,20,24,13/12/2018
19/10/2019,Sophie,30,12,19/11/2018
17/09/2019,Andy,45,12,17/10/2018
13/11/2019,Carl,20,24,13/12/2018
13/12/2019,Carl,20,24,13/12/2018
13/01/2020,Carl,20,24,13/12/2018
13/02/2020,Carl,20,24,13/12/2018
13/03/2020,Carl,20,24,13/12/2018
13/04/2020,Carl,20,24,13/12/2018
13/05/2020,Carl,20,24,13/12/2018
13/06/2020,Carl,20,24,13/12/2018
13/07/2020,Carl,20,24,13/12/2018
13/08/2020,Carl,20,24,13/12/2018
13/09/2020,Carl,20,24,13/12/2018
13/10/2020,Carl,20,24,13/12/2018
13/11/2020,Carl,20,24,13/12/2018
